{
  "kills": 4,
  "ammo_used": 36.0,
  "health_lost": 80.0,
  "actions_taken": 1348,
  "episode_reward": -1448.0,
  "episode_time": 28.552582025527954,
  "end_reason": "player_dead",
  "end_pos": [
    2995.6070098876953,
    -4615.975631713867
  ],
  "end_nav_node_id": 80,
  "end_sector_ids": []
}