{
  "kills": 3,
  "ammo_used": 49.0,
  "health_lost": 79.0,
  "actions_taken": 1666,
  "episode_reward": -1766.0,
  "episode_time": 53.4619824886322,
  "end_reason": "player_dead",
  "end_pos": [
    3019.790267944336,
    -4613.022323608398
  ],
  "end_nav_node_id": 80,
  "end_sector_ids": []
}